"lon","lat","depth"
67.5,-56.5,4222.0158
68.5,-56.5,4222.0158
69.5,-56.5,3958.1479
70.5,-56.5,3958.1479
71.5,-56.5,3237.5676
72.5,-56.5,3237.5676
73.5,-56.5,2760.8483
74.5,-56.5,2760.8483
75.5,-56.5,2066.8988
76.5,-56.5,2066.8988
77.5,-56.5,2379.3963
78.5,-56.5,2379.3963
67.5,-55.5,4222.0158
68.5,-55.5,4222.0158
69.5,-55.5,3958.1479
70.5,-55.5,3958.1479
71.5,-55.5,3237.5676
72.5,-55.5,3237.5676
73.5,-55.5,2760.8483
74.5,-55.5,2760.8483
75.5,-55.5,2066.8988
76.5,-55.5,2066.8988
77.5,-55.5,2379.3963
78.5,-55.5,2379.3963
67.5,-54.5,4274.83220000001
68.5,-54.5,4274.83220000001
69.5,-54.5,3485.6146
70.5,-54.5,3485.6146
71.5,-54.5,1196.53786893447
72.5,-54.5,1196.53786893447
73.5,-54.5,1214.2624
74.5,-54.5,1214.2624
75.5,-54.5,1327.3192
76.5,-54.5,1327.3192
77.5,-54.5,2071.9594
78.5,-54.5,2071.9594
67.5,-53.5,4274.83220000001
68.5,-53.5,4274.83220000001
69.5,-53.5,3485.6146
70.5,-53.5,3485.6146
71.5,-53.5,1196.53786893447
72.5,-53.5,1196.53786893447
73.5,-53.5,1214.2624
74.5,-53.5,1214.2624
75.5,-53.5,1327.3192
76.5,-53.5,1327.3192
77.5,-53.5,2071.9594
78.5,-53.5,2071.9594
67.5,-52.5,2729.1532
68.5,-52.5,2729.1532
69.5,-52.5,1331.0675
70.5,-52.5,1331.0675
71.5,-52.5,619.893
72.5,-52.5,619.893
73.5,-52.5,475.284
74.5,-52.5,475.284
75.5,-52.5,2024.7808
76.5,-52.5,2024.7808
77.5,-52.5,3472.7415
78.5,-52.5,3472.7415
67.5,-51.5,2729.1532
68.5,-51.5,2729.1532
69.5,-51.5,1331.0675
70.5,-51.5,1331.0675
71.5,-51.5,619.893
72.5,-51.5,619.893
73.5,-51.5,475.284
74.5,-51.5,475.284
75.5,-51.5,2024.7808
76.5,-51.5,2024.7808
77.5,-51.5,3472.7415
78.5,-51.5,3472.7415
67.5,-50.5,144.207776858527
68.5,-50.5,144.207776858527
69.5,-50.5,152.337602008788
70.5,-50.5,152.337602008788
71.5,-50.5,1219.2696
72.5,-50.5,1219.2696
73.5,-50.5,2509.501
74.5,-50.5,2509.501
75.5,-50.5,3118.7987
76.5,-50.5,3118.7987
77.5,-50.5,3616.3607
78.5,-50.5,3616.3607
